epoch,epoch_time_sec,lr,lr/pg1,lr/pg2,step,train_detach_between_steps,train_loss,train_loss_log10_mae,train_loss_z_mse,train_rollout_steps,train_skip_steps,val_loss,val_loss_log10_mae,val_loss_z_mse
,,,0.0,0.0,0,,,,,,,,,
0,,,,,18648,,,,,,,0.012288953177630901,0.01217484287917614,0.0011411214945837855
0,243.47381591796875,4.999731118005002e-06,,,18648,1.0,0.012603187933564186,0.012486012652516365,0.0011714110150933266,1.0,0.0,,,
,,,9.999999999999999e-06,9.999999999999999e-06,18649,,,,,,,,,
1,,,,,37297,,,,,,,0.009240406565368176,0.009124575182795525,0.001158353639766574
1,230.6318359375,1.4999734958109912e-05,,,37297,1.0,0.010855616070330143,0.010740770027041435,0.0011485180584713817,1.0,0.0,,,
,,,1.9999999999999998e-05,1.9999999999999998e-05,37298,,,,,,,,,
2,,,,,55946,,,,,,,0.004388616885989904,0.004368871450424194,0.00019743044686038047
2,230.23460388183594,2.499972833902575e-05,,,55946,1.0,0.007362930104136467,0.007283297833055258,0.0007963166572153568,1.0,0.0,,,
,,,2.9999999999999997e-05,2.9999999999999997e-05,55947,,,,,,,,,
3,,,,,74595,,,,,,,0.0027324315160512924,0.002724172780290246,8.257425361080095e-05
3,230.34707641601562,3.49997280864045e-05,,,74595,1.0,0.0034083384089171886,0.003395990002900362,0.00012354688078630716,1.0,0.0,,,
,,,3.9999999999999996e-05,3.9999999999999996e-05,74596,,,,,,,,,
4,,,,,93244,,,,,,,0.0018729798030108213,0.0018684236565604806,4.5570774091174826e-05
4,230.38116455078125,4.499976057559252e-05,,,93244,1.0,0.00237409770488739,0.0023678941652178764,6.199805648066103e-05,1.0,0.0,,,
,,,4.9999999999999996e-05,4.9999999999999996e-05,93245,,,,,,,,,
5,,,,,111893,,,,,,,0.0027054501697421074,0.002698197728022933,7.25115169188939e-05
5,230.12596130371094,5.499980034073815e-05,,,111893,1.0,0.0017524067079648376,0.0017481064423918724,4.301992885302752e-05,1.0,0.0,,,
,,,5.9999999999999995e-05,5.9999999999999995e-05,111894,,,,,,,,,
6,,,,,130542,,,,,,,0.001380370813421905,0.0013771995436400175,3.169144838466309e-05
6,230.5613555908203,6.499982555396855e-05,,,130542,1.0,0.0015075241681188345,0.0015040385769680142,3.4831115044653416e-05,1.0,0.0,,,
,,,7e-05,7e-05,130543,,,,,,,,,
7,,,,,149191,,,,,,,0.0013701083371415734,0.001367358723655343,2.7520254661794752e-05
7,230.58502197265625,7.499974890379235e-05,,,149191,1.0,0.0013782404130324721,0.0013751945225521922,3.0521761800628155e-05,1.0,0.0,,,
,,,7.999999999999999e-05,7.999999999999999e-05,149192,,,,,,,,,
8,,,,,167840,,,,,,,0.0012639592168852687,0.0012612708378583193,2.6877289201365784e-05
8,229.88446044921875,8.49997450131923e-05,,,167840,1.0,0.0012877908302471042,0.0012850093189626932,2.7822270567412488e-05,1.0,0.0,,,
,,,8.999999999999999e-05,8.999999999999999e-05,167841,,,,,,,,,
9,,,,,186489,,,,,,,0.0011118369875475764,0.0011098551331087947,1.9836606952594593e-05
9,230.5029296875,9.499983571004122e-05,,,186489,1.0,0.0012203361839056015,0.0012177826138213277,2.5564029783708975e-05,1.0,0.0,,,
,,,9.999999999999999e-05,9.999999999999999e-05,186490,,,,,,,,,
10,,,,,205138,,,,,,,0.0011406977428123355,0.0011385632678866386,2.133330599463079e-05
10,229.8495330810547,0.00010499972995603457,,,205138,1.0,0.0011601243168115616,0.0011576999677345157,2.425872480671387e-05,1.0,0.0,,,
,,,0.00010999999999999998,0.00010999999999999998,205139,,,,,,,,,
11,,,,,223787,,,,,,,0.0011238937731832266,0.001121804118156433,2.0887833670713007e-05
11,230.3197021484375,0.00011499989341245964,,,223787,1.0,0.001105881412513554,0.0011035922216251493,2.291547934873961e-05,1.0,0.0,,,
,,,0.00011999999999999999,0.00011999999999999999,223788,,,,,,,,,
12,,,,,242436,,,,,,,0.0010411316761747003,0.0010391568066552281,1.974478982447181e-05
12,230.27694702148438,0.0001250004133908078,,,242436,1.0,0.0010645928559824824,0.00106240960303694,2.172954918933101e-05,1.0,0.0,,,
,,,0.00013,0.00013,242437,,,,,,,,,
13,,,,,261085,,,,,,,0.0010613457998260856,0.0010593755869194865,1.9704877558979206e-05
13,230.26490783691406,0.0001349997619399801,,,261085,1.0,0.0010349210351705551,0.0010328408097848296,2.083315484924242e-05,1.0,0.0,,,
,,,0.00014,0.00014,261086,,,,,,,,,
14,,,,,279734,,,,,,,0.001019161893054843,0.0010171453468501568,2.0159073756076396e-05
14,230.48709106445312,0.00014500039105769247,,,279734,1.0,0.0010179346427321434,0.0010159383527934551,1.9934737792937085e-05,1.0,0.0,,,
,,,0.00015,0.00015,279735,,,,,,,,,
15,,,,,298383,,,,,,,0.001060697715729475,0.0010586910648271441,2.0059798771399073e-05
15,229.33033752441406,0.00015500029257964343,,,298383,1.0,0.0010021281195804477,0.0010002440540120006,1.881508251244668e-05,1.0,0.0,,,
,,,0.00015999999999999999,0.00015999999999999999,298384,,,,,,,,,
16,,,,,317032,,,,,,,0.0009527715155854821,0.000951148453168571,1.623250136617571e-05
16,229.38668823242188,0.00016500006313435733,,,317032,1.0,0.0009958208538591862,0.0009939359733834863,1.886828067654278e-05,1.0,0.0,,,
,,,0.00016999999999999999,0.00016999999999999999,317033,,,,,,,,,
17,,,,,335681,,,,,,,0.0009709673468023539,0.0009689293801784515,2.0377274267957546e-05
17,230.5282745361328,0.00017499979003332555,,,335681,1.0,0.0009818548569455743,0.000980034819804132,1.823360798880458e-05,1.0,0.0,,,
,,,0.00017999999999999998,0.00017999999999999998,335682,,,,,,,,,
18,,,,,354330,,,,,,,0.0009608663385733962,0.0009590855333954096,1.779899321263656e-05
18,230.16726684570312,0.0001850002445280552,,,354330,1.0,0.0009811654454097152,0.0009793981444090605,1.7674907212494873e-05,1.0,0.0,,,
,,,0.00018999999999999998,0.00018999999999999998,354331,,,,,,,,,
19,,,,,372979,,,,,,,0.0010693582007661462,0.0010675135999917984,1.844844337028917e-05
19,230.0330810546875,0.00019499975314829499,,,372979,1.0,0.0009732472244650126,0.0009715271298773587,1.7181420844281092e-05,1.0,0.0,,,
,,,0.00019999999999999998,0.00019999999999999998,372980,,,,,,,,,
20,,,,,391628,,,,,,,0.0009668390266597271,0.0009652588632889092,1.5800707842572592e-05
20,230.42263793945312,0.00020499964011833072,,,391628,1.0,0.0009574588621035218,0.0009557901066727936,1.6765747204772197e-05,1.0,0.0,,,
,,,0.00020999999999999998,0.00020999999999999998,391629,,,,,,,,,
21,,,,,410277,,,,,,,0.0009663089876994491,0.0009647261467762291,1.5830068150535226e-05
21,229.65428161621094,0.00021499901777133346,,,410277,1.0,0.0009578002500347793,0.0009561621700413525,1.6410076568718068e-05,1.0,0.0,,,
,,,0.00021999999999999995,0.00021999999999999995,410278,,,,,,,,,
22,,,,,428926,,,,,,,0.000963438069447875,0.0009619158809073269,1.5219762644846924e-05
22,230.6666259765625,0.0002249999379273504,,,428926,1.0,0.0009464381728321314,0.0009448715136386454,1.5690327927586623e-05,1.0,0.0,,,
,,,0.00023,0.00023,428927,,,,,,,,,
23,,,,,447575,,,,,,,0.0010970094008371234,0.0010953411692753434,1.667574906605296e-05
23,230.10614013671875,0.00023500122188124806,,,447575,1.0,0.0009554315474815667,0.0009538389858789742,1.5946070561767556e-05,1.0,0.0,,,
,,,0.00023999999999999998,0.00023999999999999998,447576,,,,,,,,,
24,,,,,466224,,,,,,,0.000988389947451651,0.0009869474451988935,1.4433631804422475e-05
24,230.4855499267578,0.0002449991006869823,,,466224,1.0,0.0009363464778289199,0.000934868585318327,1.4813516827416606e-05,1.0,0.0,,,
,,,0.00025,0.00025,466225,,,,,,,,,
25,,,,,484873,,,,,,,0.0009655501344241202,0.0009643831290304661,1.1654495210677851e-05
25,230.30630493164062,0.00025499940966255963,,,484873,1.0,0.0009396704845130444,0.0009381669224239886,1.5072386304382235e-05,1.0,0.0,,,
,,,0.00026,0.00026,484874,,,,,,,,,
26,,,,,503522,,,,,,,0.0009134853025898337,0.0009121818002313375,1.3058767763141077e-05
26,230.4651641845703,0.0002649998932611197,,,503522,1.0,0.0009385468438267708,0.0009370731422677636,1.4725452274433337e-05,1.0,0.0,,,
,,,0.00027,0.00027,503523,,,,,,,,,
27,,,,,522171,,,,,,,0.0008965662564150989,0.0008952718344517052,1.2946466995344963e-05
27,229.16949462890625,0.000275000580586493,,,522171,1.0,0.0009396673995070159,0.0009382139542140067,1.4534043657477014e-05,1.0,0.0,,,
,,,0.00028,0.00028,522172,,,,,,,,,
28,,,,,540820,,,,,,,0.0008683993364684284,0.0008671162067912519,1.2833919754484668e-05
28,229.83729553222656,0.00028499969630502164,,,540820,1.0,0.000934721203520894,0.0009333250345662236,1.3938702068116982e-05,1.0,0.0,,,
,,,0.00029,0.00029,540821,,,,,,,,,
29,,,,,559469,,,,,,,0.0009049414657056332,0.0009037263225764036,1.2154200703662354e-05
29,230.40469360351562,0.00029500224627554417,,,559469,1.0,0.0009303984115831554,0.0009290361776947975,1.360736587230349e-05,1.0,0.0,,,
,,,0.0003,0.0003,559470,,,,,,,,,
30,,,,,578118,,,,,,,0.0008084034780040383,0.0008073995122686028,1.0033968464995269e-05
30,230.0902099609375,0.0002999630814883858,,,578118,1.0,0.0009237217018380761,0.0009224308887496591,1.2910013538203202e-05,1.0,0.0,,,
,,,0.00029998994773855866,0.00029998994773855866,578119,,,,,,,,,
31,,,,,596767,,,,,,,0.0008562096045352519,0.0008549071499146521,1.3023530300415587e-05
31,230.06072998046875,0.0002999412245117128,,,596767,1.0,0.0009000307763926685,0.000898800150025636,1.2272978892724495e-05,1.0,0.0,,,
,,,0.00029995979231515005,0.00029995979231515005,596768,,,,,,,,,
32,,,,,615416,,,,,,,0.0010307972552254796,0.0010292123770341277,1.5849003830226138e-05
32,230.45748901367188,0.0002999332209583372,,,615416,1.0,0.0008862679824233055,0.0008850277517922223,1.239432913280325e-05,1.0,0.0,,,
,,,0.0002999095378123357,0.0002999095378123357,615417,,,,,,,,,
33,,,,,634065,,,,,,,0.0007802467443980277,0.0007792027317918837,1.044652617565589e-05
33,230.40443420410156,0.0002999258867930621,,,634065,1.0,0.0008640789310447872,0.0008629547082819045,1.1221182830922771e-05,1.0,0.0,,,
,,,0.0002998391910337709,0.0002998391910337709,634066,,,,,,,,,
34,,,,,652714,,,,,,,0.0008640541927888989,0.000863057968672365,9.973377018468454e-06
34,229.77745056152344,0.0002998052223119885,,,652714,1.0,0.0008540005073882639,0.0008528666803613305,1.1289685971860308e-05,1.0,0.0,,,
,,,0.0002997487615032833,0.0002997487615032833,652715,,,,,,,,,
35,,,,,671363,,,,,,,0.0008787204860709608,0.0008773892768658698,1.3303002560860477e-05
35,230.26222229003906,0.0002996348775923252,,,671363,1.0,0.0008396647754125297,0.0008385940454900265,1.0673762517399155e-05,1.0,0.0,,,
,,,0.0002996382614635839,0.0002996382614635839,671364,,,,,,,,,
36,,,,,690012,,,,,,,0.0008412202005274594,0.0008402004023082554,1.0206663318967912e-05
36,230.4373321533203,0.00029954564524814487,,,690012,1.0,0.0008248657686635852,0.0008238079026341438,1.0543970347498544e-05,1.0,0.0,,,
,,,0.00029950770587460916,0.00029950770587460916,690013,,,,,,,,,
37,,,,,708661,,,,,,,0.001013188622891903,0.0010121817467734218,1.0051788194687106e-05
37,230.01913452148438,0.0002994626702275127,,,708661,1.0,0.0008092030766420066,0.0008082124404609203,9.893689821183216e-06,1.0,0.0,,,
,,,0.00029935711241149595,0.00029935711241149595,708662,,,,,,,,,
38,,,,,727310,,,,,,,0.000846938113681972,0.0008458824013359845,1.0556170309428126e-05
38,230.49215698242188,0.00029924980481155217,,,727310,1.0,0.0007993208710104227,0.0007983514806255698,9.67588675848674e-06,1.0,0.0,,,
,,,0.00029918650146218856,0.00029918650146218856,727311,,,,,,,,,
39,,,,,745959,,,,,,,0.0007465920643880963,0.0007456885650753975,9.031876288645435e-06
39,230.36061096191406,0.0002990636567119509,,,745959,1.0,0.0007868316024541855,0.0007858933531679213,9.351026164949872e-06,1.0,0.0,,,
,,,0.0002989958961246785,0.0002989958961246785,745960,,,,,,,,,
40,,,,,764608,,,,,,,0.0007823376217857003,0.0007812937255948782,1.0433466741233133e-05
40,229.78883361816406,0.00029896554769948125,,,764608,1.0,0.0007758723222650588,0.0007749675423838198,9.015443538373802e-06,1.0,0.0,,,
,,,0.00029878532220387733,0.00029878532220387733,764609,,,,,,,,,
41,,,,,783257,,,,,,,0.0007143591064959764,0.0007135141058824956,8.455424904241227e-06
41,229.87237548828125,0.0002986745676025748,,,783257,1.0,0.0007670247578062117,0.0007661415147595108,8.804314347798936e-06,1.0,0.0,,,
,,,0.0002985548082081232,0.0002985548082081232,783258,,,,,,,,,
42,,,,,801906,,,,,,,0.0008828899590298533,0.0008818026399239898,1.087135842681164e-05
42,229.69239807128906,0.00029850067221559584,,,801906,1.0,0.000760268943849951,0.0007594249327667058,8.454249837086536e-06,1.0,0.0,,,
,,,0.000298304385345321,0.000298304385345321,801907,,,,,,,,,
43,,,,,820555,,,,,,,0.0007230726769194007,0.0007220165571197867,1.0574964107945561e-05
43,229.53887939453125,0.00029817107133567333,,,820555,1.0,0.0007487577386200428,0.00074793491512537,8.207658538594842e-06,1.0,0.0,,,
,,,0.000298034087518718,0.000298034087518718,820556,,,,,,,,,
44,,,,,839204,,,,,,,0.0007401148322969675,0.0007393498090095818,7.650862244190648e-06
44,230.1153106689453,0.0002978801785502583,,,839204,1.0,0.0007481912616640329,0.0007473448058590293,8.44662372401217e-06,1.0,0.0,,,
,,,0.00029774395132231286,0.00029774395132231286,839205,,,,,,,,,
45,,,,,857853,,,,,,,0.0006980927428230643,0.0006973919807933271,7.013343292783247e-06
45,230.06800842285156,0.00029759950120933354,,,857853,1.0,0.0007359740557149053,0.0007351755630224943,7.999474291864317e-06,1.0,0.0,,,
,,,0.0002974340160359024,0.0002974340160359024,857854,,,,,,,,,
46,,,,,876502,,,,,,,0.0008236540015786886,0.0008228812948800623,7.722037480561994e-06
46,230.12721252441406,0.0002972615766339004,,,876502,1.0,0.00072901276871562,0.0007282465230673552,7.670672857784666e-06,1.0,0.0,,,
,,,0.0002971043236197629,0.0002971043236197629,876503,,,,,,,,,
47,,,,,895151,,,,,,,0.0007350071682594717,0.0007341497694142163,8.56958740769187e-06
47,230.46470642089844,0.0002968938206322491,,,895151,1.0,0.0007212948403321207,0.0007205276051536202,7.63901789468946e-06,1.0,0.0,,,
,,,0.0002967549187089701,0.0002967549187089701,895152,,,,,,,,,
48,,,,,913800,,,,,,,0.0006691204616799951,0.0006684066029265523,7.1346353252010886e-06
48,229.4217529296875,0.00029662903398275375,,,913800,1.0,0.000716491078492254,0.0007157664513215423,7.238063517434057e-06,1.0,0.0,,,
,,,0.0002963858486073558,0.0002963858486073558,913801,,,,,,,,,
49,,,,,932449,,,,,,,0.0007621996337547898,0.0007615104550495744,6.896575996506726e-06
49,230.2955780029297,0.00029619495035149157,,,932449,1.0,0.0007067002006806433,0.0007059865165501833,7.130645371944411e-06,1.0,0.0,,,
,,,0.0002959971632811038,0.0002959971632811038,932450,,,,,,,,,
50,,,,,951098,,,,,,,0.0006910515949130058,0.0006903237663209438,7.280311365320813e-06
50,230.47911071777344,0.00029579433612525463,,,951098,1.0,0.0007025972590781748,0.0007019194890744984,6.772904271201696e-06,1.0,0.0,,,
,,,0.0002955889153519854,0.0002955889153519854,951099,,,,,,,,,
51,,,,,969747,,,,,,,0.0008231335086748004,0.0008209322695620358,2.2018473828211427e-05
51,229.7523193359375,0.0002953757648356259,,,969747,1.0,0.0006945464410819113,0.0006938837468624115,6.64081653667381e-06,1.0,0.0,,,
,,,0.00029516116009023523,0.00029516116009023523,969748,,,,,,,,,
52,,,,,988396,,,,,,,0.0007512345327995718,0.0007503547240048647,8.788515515334439e-06
52,229.71572875976562,0.00029491647728718817,,,988396,1.0,0.0006868607015348971,0.0006861902074888349,6.664145075774286e-06,1.0,0.0,,,
,,,0.0002947139554070684,0.0002947139554070684,988397,,,,,,,,,
53,,,,,1007045,,,,,,,0.0007065198151394725,0.0007058073533698916,7.125368483684724e-06
53,229.9301300048828,0.00029444610117934644,,,1007045,1.0,0.0006811193306930363,0.0006804733420722187,6.460750228143297e-06,1.0,0.0,,,
,,,0.00029424736184684034,0.00029424736184684034,1007046,,,,,,,,,
54,,,,,1025694,,,,,,,0.0006794181535951793,0.000678577518556267,8.405258085986134e-06
54,229.97178649902344,0.0002939726982731372,,,1025694,1.0,0.0006736216018907726,0.0006730302120558918,5.9073499869555235e-06,1.0,0.0,,,
,,,0.00029376144257885006,0.00029376144257885006,1025695,,,,,,,,,
55,,,,,1044343,,,,,,,0.000676490250043571,0.0006758823874406517,6.066418336558854e-06
55,230.3994598388672,0.00029349143733270466,,,1044343,1.0,0.0006748705054633319,0.00067423953441903,6.3133893490885384e-06,1.0,0.0,,,
,,,0.0002932562633887882,0.0002932562633887882,1044344,,,,,,,,,
56,,,,,1062992,,,,,,,0.0007958022761158645,0.0007951772422529757,6.2371277635975275e-06
56,230.0235595703125,0.00029299771995283663,,,1062992,1.0,0.0006695453776046634,0.0006689442088827491,6.001705969538307e-06,1.0,0.0,,,
,,,0.0002927318926698303,0.0002927318926698303,1062993,,,,,,,,,
57,,,,,1081641,,,,,,,0.0007216038648039103,0.0007209650939330459,6.368657523125876e-06
57,229.75584411621094,0.00029247274505905807,,,1081641,1.0,0.0006638806662522256,0.0006632956210523844,5.863818842044566e-06,1.0,0.0,,,
,,,0.0002921884014133779,0.0002921884014133779,1081642,,,,,,,,,
58,,,,,1100290,,,,,,,0.0006351693882606924,0.0006346070440486073,5.626514393952675e-06
58,230.1790771484375,0.0002919391554314643,,,1100290,1.0,0.0006597082247026265,0.0006591112469322979,5.940027676842874e-06,1.0,0.0,,,
,,,0.00029162586319944714,0.00029162586319944714,1100291,,,,,,,,,
59,,,,,1118939,,,,,,,0.0008886808645911515,0.0008876781212165952,1.0023100003309082e-05
59,229.73751831054688,0.0002913468633778393,,,1118939,1.0,0.0006531928665935993,0.0006526228971779346,5.695158506568987e-06,1.0,0.0,,,
,,,0.0002910443541867074,0.0002910443541867074,1118940,,,,,,,,,
60,,,,,1137588,,,,,,,0.0006533395498991013,0.0006527151563204825,6.248373210837599e-06
60,230.2871551513672,0.0002907098678406328,,,1137588,1.0,0.0006472302484326065,0.0006466705817729235,5.583717666013399e-06,1.0,0.0,,,
,,,0.0002904439531021704,0.0002904439531021704,1137589,,,,,,,,,
61,,,,,1156237,,,,,,,0.0007100895745679736,0.0007094659376889467,6.233074145711726e-06
61,230.4870147705078,0.00029013966559432447,,,1156237,1.0,0.0006450320361182094,0.0006444713217206299,5.579457138082944e-06,1.0,0.0,,,
,,,0.00028982474123053213,0.00028982474123053213,1156238,,,,,,,,,
62,,,,,1174886,,,,,,,0.0006504077464342117,0.0006497852737084031,6.230124654393876e-06
62,229.7305145263672,0.0002895402139984071,,,1174886,1.0,0.0006407813634723425,0.0006402167491614819,5.681287348124897e-06,1.0,0.0,,,
,,,0.0002891868024031679,0.0002891868024031679,1174887,,,,,,,,,
63,,,,,1193535,,,,,,,0.000668948981910944,0.0006683499086648226,6.005327122693416e-06
63,230.03428649902344,0.00028882702463306487,,,1193535,1.0,0.0006342271808534861,0.000633717980235815,5.112819962960202e-06,1.0,0.0,,,
,,,0.0002885302229867831,0.0002885302229867831,1193536,,,,,,,,,
64,,,,,1212184,,,,,,,0.0007339144358411431,0.0007332892855629325,6.243050393095473e-06
64,230.2825469970703,0.00028821066371165216,,,1212184,1.0,0.0006316693034023046,0.0006311372271738946,5.315028374752728e-06,1.0,0.0,,,
,,,0.0002878550918717207,0.0002878550918717207,1212185,,,,,,,,,
65,,,,,1230833,,,,,,,0.0006317648221738636,0.000631201546639204,5.645045348501299e-06
65,229.57232666015625,0.0002874901401810348,,,1230833,1.0,0.0006273058825172484,0.0006267763092182577,5.303681518853409e-06,1.0,0.0,,,
,,,0.0002871615004599262,0.0002871615004599262,1230834,,,,,,,,,
66,,,,,1249482,,,,,,,0.0007071092841215432,0.0007065370446071029,5.721096385968849e-06
66,230.01893615722656,0.00028681501862592995,,,1249482,1.0,0.0006240186048671603,0.0006235007895156741,5.157803570909891e-06,1.0,0.0,,,
,,,0.0002864495426525743,0.0002864495426525743,1249483,,,,,,,,,
67,,,,,1268131,,,,,,,0.0006928443908691406,0.0006921239546500146,7.2101156547432765e-06
67,229.751708984375,0.0002860634704120457,,,1268131,1.0,0.0006206161342561245,0.0006201186333782971,4.963264927937416e-06,1.0,0.0,,,
,,,0.0002857193148373553,0.0002857193148373553,1268132,,,,,,,,,
68,,,,,1286780,,,,,,,0.0006860090070404112,0.0006853081868030131,7.002820893831085e-06
68,229.82688903808594,0.0002853659389074892,,,1286780,1.0,0.0006157346651889384,0.0006152475834824145,4.874901151197264e-06,1.0,0.0,,,
,,,0.0002849709158754263,0.0002849709158754263,1286781,,,,,,,,,
69,,,,,1305429,,,,,,,0.0006380804697982967,0.0006374915828928351,5.8988784985558596e-06
69,230.4528350830078,0.00028456372092477977,,,1305429,1.0,0.0006119381287135184,0.0006114607094787061,4.784284101333469e-06,1.0,0.0,,,
,,,0.00028420444708802673,0.00028420444708802673,1305430,,,,,,,,,
70,,,,,1324078,,,,,,,0.0006246555130928755,0.000623915228061378,7.3992910074593965e-06
70,229.5411834716797,0.0002838340005837381,,,1324078,1.0,0.0006102104671299458,0.0006097189616411924,4.925785106024705e-06,1.0,0.0,,,
,,,0.00028342001224276105,0.00028342001224276105,1324079,,,,,,,,,
71,,,,,1342727,,,,,,,0.0006624347297474742,0.0006615734309889376,8.610518307250459e-06
71,230.0905303955078,0.0002830253215506673,,,1342727,1.0,0.0006039165309630334,0.0006034480757080019,4.688911758421455e-06,1.0,0.0,,,
,,,0.00028261771753955065,0.00028261771753955065,1342728,,,,,,,,,
72,,,,,1361376,,,,,,,0.0006717821815982461,0.0006711857859045267,5.958012025075732e-06
72,230.4215850830078,0.00028218820807524025,,,1361376,1.0,0.0006040444714017212,0.0006035563419573009,4.8599795263726264e-06,1.0,0.0,,,
,,,0.00028179767159625536,0.00028179767159625536,1361377,,,,,,,,,
73,,,,,1380025,,,,,,,0.0006286500720307231,0.0006280370289459825,6.140869118098635e-06
73,229.80653381347656,0.00028136491891928017,,,1380025,1.0,0.0005999005516059697,0.0005994340754114091,4.67656673208694e-06,1.0,0.0,,,
,,,0.0002809599854339692,0.0002809599854339692,1380026,,,,,,,,,
74,,,,,1398674,,,,,,,0.0006816952372901142,0.0006810629274696112,6.313694939308334e-06
74,230.4298858642578,0.00028055510483682156,,,1398674,1.0,0.0005966866156086326,0.0005962286377325654,4.5745200623059645e-06,1.0,0.0,,,
,,,0.0002801047724619891,0.0002801047724619891,1398675,,,,,,,,,
75,,,,,1417323,,,,,,,0.0006964947679080069,0.000695957220159471,5.378777132136747e-06
75,230.08169555664062,0.000279684376437217,,,1417323,1.0,0.0005914642824791372,0.0005910252220928669,4.407761934999144e-06,1.0,0.0,,,
,,,0.00027923214846246175,0.00027923214846246175,1417324,,,,,,,,,
76,,,,,1435972,,,,,,,0.0007056851172819734,0.000705026846844703,6.5902008827833924e-06
76,230.55516052246094,0.00027879801928065717,,,1435972,1.0,0.0005903460551053286,0.0005899000097997487,4.42044120063656e-06,1.0,0.0,,,
,,,0.00027834223157470803,0.00027834223157470803,1435973,,,,,,,,,
77,,,,,1454621,,,,,,,0.0008449677843600512,0.0008444159757345915,5.515307293535443e-06
77,230.47174072265625,0.0002778908237814903,,,1454621,1.0,0.0005870714085176587,0.0005866190767847002,4.532567800197285e-06,1.0,0.0,,,
,,,0.0002774351422792292,0.0002774351422792292,1454622,,,,,,,,,
78,,,,,1473270,,,,,,,0.0006040117586962879,0.0006034024991095066,6.099185156926978e-06
78,230.03021240234375,0.0002769667189568281,,,1473270,1.0,0.0005827712593600154,0.0005823523970320821,4.1984490053437185e-06,1.0,0.0,,,
,,,0.0002765110033813957,0.0002765110033813957,1473271,,,,,,,,,
79,,,,,1491919,,,,,,,0.0005992963560856879,0.0005987187614664435,5.77432456339011e-06
79,229.603759765625,0.0002760297211352736,,,1491919,1.0,0.0005800127401016653,0.0005795678007416427,4.430642547958996e-06,1.0,0.0,,,
,,,0.00027556993999482105,0.00027556993999482105,1491920,,,,,,,,,
80,,,,,1510568,,,,,,,0.0007222624262794852,0.0007217554375529289,5.075387434771983e-06
80,229.58840942382812,0.0002750812564045191,,,1510568,1.0,0.000571319367736578,0.0005709329852834344,3.865985036100028e-06,1.0,0.0,,,
,,,0.00027461207952442365,0.00027461207952442365,1510569,,,,,,,,,
81,,,,,1529217,,,,,,,0.0006735162460245192,0.0006728965672664344,6.1947876019985415e-06
81,230.60272216796875,0.0002741216158028692,,,1529217,1.0,0.0005731287528760731,0.0005727086099795997,4.199226168566383e-06,1.0,0.0,,,
,,,0.00027363755164917835,0.00027363755164917835,1529218,,,,,,,,,
82,,,,,1547866,,,,,,,0.0005978682893328369,0.0005973923834972084,4.753254870593082e-06
82,230.46495056152344,0.00027314884937368333,,,1547866,1.0,0.0005653007538057864,0.000564912217669189,3.884670604747953e-06,1.0,0.0,,,
,,,0.0002726464883045595,0.0002726464883045595,1547867,,,,,,,,,
83,,,,,1566515,,,,,,,0.0005937898531556129,0.000593251665122807,5.3878443395660724e-06
83,229.26075744628906,0.00027215463342145085,,,1566515,1.0,0.0005657050642184913,0.0005653015105053782,4.049553808727069e-06,1.0,0.0,,,
,,,0.00027163902366467965,0.00027163902366467965,1566516,,,,,,,,,
84,,,,,1585164,,,,,,,0.0005843643448315561,0.0005837306962348521,6.342323104036041e-06
84,229.97958374023438,0.0002711508423089981,,,1585164,1.0,0.0005641704774461687,0.0005637789145112038,3.929030754079577e-06,1.0,0.0,,,
,,,0.00027061529412412397,0.00027061529412412397,1585165,,,,,,,,,
85,,,,,1603813,,,,,,,0.0006124720675870776,0.000611873168963939,6.002590907883132e-06
85,230.48280334472656,0.0002701061894185841,,,1603813,1.0,0.0005606899503618479,0.0005602904129773378,3.969069439335726e-06,1.0,0.0,,,
,,,0.00026957543827948484,0.00026957543827948484,1603814,,,,,,,,,
86,,,,,1622462,,,,,,,0.0005876785726286471,0.0005872359615750611,4.43295812146971e-06
86,229.8927459716797,0.000269031326752156,,,1622462,1.0,0.0005567243788391352,0.0005563453305512667,3.792154529946856e-06,1.0,0.0,,,
,,,0.00026851959691059815,0.00026851959691059815,1622463,,,,,,,,,
87,,,,,1641111,,,,,,,0.000597545993514359,0.0005969023914076388,6.453172318288125e-06
87,230.38720703125,0.0002679722383618355,,,1641111,1.0,0.0005529928603209555,0.0005526142194867134,3.7915656321274582e-06,1.0,0.0,,,
,,,0.0002674479129614839,0.0002674479129614839,1641112,,,,,,,,,
88,,,,,1659760,,,,,,,0.0006124723004177213,0.0006120572215877473,4.149737378611462e-06
88,230.39425659179688,0.00026692196843214333,,,1659760,1.0,0.0005521936109289527,0.0005518057732842863,3.904605819116114e-06,1.0,0.0,,,
,,,0.00026636053152099366,0.00026636053152099366,1659761,,,,,,,,,
89,,,,,1678409,,,,,,,0.0006294758641161025,0.0006287935539148748,6.8185836425982416e-06
89,229.01080322265625,0.00026581354904919863,,,1678409,1.0,0.0005466597503982484,0.0005463089910335839,3.523780605974025e-06,1.0,0.0,,,
,,,0.0002652575998031682,0.0002652575998031682,1678410,,,,,,,,,
90,,,,,1697058,,,,,,,0.0005874214693903923,0.0005869922460988164,4.294109658076195e-06
90,230.23252868652344,0.00026468405849300325,,,1697058,1.0,0.0005449310410767794,0.0005445652641355991,3.6219385037838947e-06,1.0,0.0,,,
,,,0.000264139267127307,0.000264139267127307,1697059,,,,,,,,,
91,,,,,1715707,,,,,,,0.0005885170539841056,0.0005878319498151541,6.859615496068727e-06
91,229.78961181640625,0.00026359257753938437,,,1715707,1.0,0.000541637244168669,0.0005412884638644755,3.4798263186530676e-06,1.0,0.0,,,
,,,0.00026300568489775263,0.00026300568489775263,1715708,,,,,,,,,
92,,,,,1734356,,,,,,,0.0006749324966222048,0.0006741172983311117,8.150890607794281e-06
92,230.28306579589844,0.0002624193439260125,,,1734356,1.0,0.0005363852251321077,0.0005360461072996259,3.375258529558778e-06,1.0,0.0,,,
,,,0.000261857006583393,0.000261857006583393,1734357,,,,,,,,,
93,,,,,1753005,,,,,,,0.0005419981316663325,0.000541585439350456,4.12945792049868e-06
93,230.0159149169922,0.0002612820244394243,,,1753005,1.0,0.0005332952132448554,0.000532971927896142,3.246048663640977e-06,1.0,0.0,,,
,,,0.00026069338769688457,0.00026069338769688457,1753006,,,,,,,,,
94,,,,,1771654,,,,,,,0.0008259540190920234,0.0008253875421360135,5.666597189701861e-06
94,229.03883361816406,0.0002601005253382027,,,1771654,1.0,0.0005333686131052673,0.0005330308922566473,3.3743056064849952e-06,1.0,0.0,,,
,,,0.0002595149857735977,0.0002595149857735977,1771655,,,,,,,,,
95,,,,,1790303,,,,,,,0.000606501882430166,0.000605874927714467,6.273663075262448e-06
95,230.4620361328125,0.00025892199482768774,,,1790303,1.0,0.0005301570054143667,0.0005298330215737224,3.2261887099593878e-06,1.0,0.0,,,
,,,0.0002583219603502897,0.0002583219603502897,1790304,,,,,,,,,
96,,,,,1808952,,,,,,,0.0005808096029795706,0.0005803478416055441,4.606404672813369e-06
96,230.4457244873047,0.0002577096747700125,,,1808952,1.0,0.0005258950986899436,0.000525571929756552,3.2246512091660406e-06,1.0,0.0,,,
,,,0.00025711447294350534,0.00025711447294350534,1808953,,,,,,,,,
97,,,,,1827601,,,,,,,0.0005778801278211176,0.0005774294841103256,4.514137344813207e-06
97,229.2030029296875,0.0002565150207374245,,,1827601,1.0,0.0005203133914619684,0.0005200122250244021,3.014429012182518e-06,1.0,0.0,,,
,,,0.0002558926870277108,0.0002558926870277108,1827602,,,,,,,,,
98,,,,,1846250,,,,,,,0.0007200047257356346,0.0007192352204583585,7.699311026954092e-06
98,229.8919219970703,0.0002552549703978002,,,1846250,1.0,0.0005218168371357024,0.0005214937846176326,3.2354043923987774e-06,1.0,0.0,,,
,,,0.00025465676801316107,0.00025465676801316107,1846251,,,,,,,,,
99,,,,,1864899,,,,,,,0.0005644669872708619,0.0005640584859065711,4.095398708159337e-06
99,229.4222412109375,0.00025404992629773915,,,1864899,1.0,0.0005172756500542164,0.0005169683718122542,3.0740213787794346e-06,1.0,0.0,,,
,,,0.00025340688322350694,0.00025340688322350694,1864900,,,,,,,,,
100,,,,,1883548,,,,,,,0.0006540617323480546,0.000653667957521975,3.940925580536714e-06
100,230.48046875,0.00025277628446929157,,,1883548,1.0,0.0005142401205375791,0.0005139267886988819,3.123274836980272e-06,1.0,0.0,,,
,,,0.0002521432018731412,0.0002521432018731412,1883549,,,,,,,,,
101,,,,,1902197,,,,,,,0.0006369243492372334,0.0006365058943629265,4.198836450086674e-06
101,230.27650451660156,0.00025148369604721665,,,1902197,1.0,0.0005111199570819736,0.000510826357640326,2.924755790445488e-06,1.0,0.0,,,
,,,0.00025086589504429044,0.00025086589504429044,1902198,,,,,,,,,
102,,,,,1920846,,,,,,,0.0006811890052631497,0.000680698431096971,4.910401457891567e-06
102,229.08523559570312,0.0002502351417206228,,,1920846,1.0,0.0005078245303593576,0.0005075228400528431,3.0238909403124126e-06,1.0,0.0,,,
,,,0.00024957513566385264,0.00024957513566385264,1920847,,,,,,,,,
103,,,,,1939495,,,,,,,0.0005615921691060066,0.0005611148662865162,4.770292889588745e-06
103,230.5069580078125,0.00024892983492463827,,,1939495,1.0,0.000503711577039212,0.0005034342757426202,2.76727905657026e-06,1.0,0.0,,,
,,,0.0002482710984799861,0.0002482710984799861,1939496,,,,,,,,,
104,,,,,1958144,,,,,,,0.0005871683242730796,0.0005866032443009317,5.650435468851356e-06
104,230.48489379882812,0.00024761250824667513,,,1958144,1.0,0.0005042513366788626,0.0005039464449509978,3.067233137699077e-06,1.0,0.0,,,
,,,0.00024695396003845103,0.00024695396003845103,1958145,,,,,,,,,
105,,,,,1976793,,,,,,,0.0005781500949524343,0.0005776367615908384,5.129801138537005e-06
105,230.23089599609375,0.0002462692791596055,,,1976793,1.0,0.0005001072422601283,0.0004998185904696584,2.8902247777295997e-06,1.0,0.0,,,
,,,0.0002456238986587084,0.0002456238986587084,1976794,,,,,,,,,
106,,,,,1995442,,,,,,,0.0005572413210757077,0.0005567491170950234,4.9116879381472245e-06
106,229.8178253173828,0.0002449519815854728,,,1995442,1.0,0.0004982522805221379,0.0004979597870260477,2.909881231971667e-06,1.0,0.0,,,
,,,0.00024428109440977807,0.00024428109440977807,1995443,,,,,,,,,
107,,,,,2014091,,,,,,,0.0005514815566129982,0.0005510713090188801,4.1070757106353994e-06
107,230.48179626464844,0.0002436212671454996,,,2014091,1.0,0.0004943962558172643,0.0004941383958794177,2.5899494175973814e-06,1.0,0.0,,,
,,,0.00024292572908586022,0.00024292572908586022,2014092,,,,,,,,,
108,,,,,2032740,,,,,,,0.0006000426365062594,0.0005996768013574183,3.653306976048043e-06
108,230.55784606933594,0.00024225447850767523,,,2032740,1.0,0.000488950521685183,0.0004886884707957506,2.614768163766712e-06,1.0,0.0,,,
,,,0.0002415579861817238,0.0002415579861817238,2032741,,,,,,,,,
109,,,,,2051389,,,,,,,0.000664510065689683,0.0006638627965003252,6.465902515628841e-06
109,230.4868621826172,0.00024087389465421438,,,2051389,1.0,0.0004898824845440686,0.0004896048922091722,2.751873580564279e-06,1.0,0.0,,,
,,,0.0002401780508678637,0.0002401780508678637,2051390,,,,,,,,,
110,,,,,2070038,,,,,,,0.000559005478862673,0.0005585889448411763,4.16511556977639e-06
110,230.17970275878906,0.00023948731541167945,,,2070038,1.0,0.0004822170303668827,0.0004819713067263365,2.463745886416291e-06,1.0,0.0,,,
,,,0.00023878610996543221,0.00023878610996543221,2070039,,,,,,,,,
111,,,,,2088687,,,,,,,0.0005810652510263026,0.0005805823602713645,4.824658844881924e-06
111,230.3580780029297,0.00023808638798072934,,,2088687,1.0,0.0004841382324229926,0.0004838781023863703,2.6276218250131933e-06,1.0,0.0,,,
,,,0.00023738235192094596,0.00023738235192094596,2088688,,,,,,,,,
112,,,,,2107336,,,,,,,0.000662043399643153,0.0006616197060793638,4.246895059623057e-06
112,230.41317749023438,0.0002366766129853204,,,2107336,1.0,0.0004813206905964762,0.00048105118912644684,2.6927630187856266e-06,1.0,0.0,,,
,,,0.0002359669667807735,0.0002359669667807735,2107337,,,,,,,,,
113,,,,,2125985,,,,,,,0.0005849211011081934,0.0005845153937116265,4.0583308873465285e-06
113,229.68614196777344,0.00023525582219008356,,,2125985,1.0,0.00047767709475010633,0.0004774108820129186,2.6408238227304537e-06,1.0,0.0,,,
,,,0.00023454014616540588,0.00023454014616540588,2125986,,,,,,,,,
114,,,,,2144634,,,,,,,0.0005840654484927654,0.0005836802301928401,3.843538252112921e-06
114,230.63027954101562,0.00023382366634905338,,,2144634,1.0,0.00047586922300979495,0.0004756134294439107,2.577007990112179e-06,1.0,0.0,,,
,,,0.00023310208324351468,0.00023310208324351468,2144635,,,,,,,,,
115,,,,,2163283,,,,,,,0.0006110937101766467,0.0006107190274633467,3.747455139091471e-06
115,229.6287384033203,0.0002323805820196867,,,2163283,1.0,0.00047192591591738164,0.0004716824332717806,2.437524926790502e-06,1.0,0.0,,,
,,,0.00023165297270579967,0.00023165297270579967,2163284,,,,,,,,,
116,,,,,2181932,,,,,,,0.0006449403590522707,0.0006444649188779294,4.753795110445935e-06
116,230.35121154785156,0.00023092786432243884,,,2181932,1.0,0.00047045256360433996,0.00047019124031066895,2.6350501229899237e-06,1.0,0.0,,,
,,,0.00023019301073863091,0.00023019301073863091,2181933,,,,,,,,,
117,,,,,2200581,,,,,,,0.0005115448730066419,0.0005110735073685646,4.7082658056751825e-06
117,230.15538024902344,0.00022946485842112452,,,2200581,1.0,0.00046850217040628195,0.00046826794277876616,2.328897153347498e-06,1.0,0.0,,,
,,,0.00022872239499748844,0.00022872239499748844,2200582,,,,,,,,,
118,,,,,2219230,,,,,,,0.0005373243475332856,0.0005369252758100629,3.994306553067872e-06
118,230.1032257080078,0.00022799371799919754,,,2219230,1.0,0.00046334354556165636,0.0004630969779100269,2.4492455850122496e-06,1.0,0.0,,,
,,,0.00022724132458020276,0.00022724132458020276,2219231,,,,,,,,,
119,,,,,2237879,,,,,,,0.0005460528191179037,0.0005454265046864748,6.257195764192147e-06
119,229.8209228515625,0.00022649882885161787,,,2237879,1.0,0.0004634545184671879,0.0004632135678548366,2.404522319920943e-06,1.0,0.0,,,
,,,0.00022574999999999996,0.00022574999999999996,2237880,,,,,,,,,
120,,,,,2256528,,,,,,,0.0005326388636603951,0.0005322903743945062,3.4957392927026376e-06
120,230.36907958984375,0.0002249922399641946,,,2256528,1.0,0.0004573579935822636,0.0004571300814859569,2.286490371261607e-06,1.0,0.0,,,
,,,0.0002242486231583559,0.0002242486231583559,2256529,,,,,,,,,
121,,,,,2275177,,,,,,,0.0005441874382086098,0.0005437645595520735,4.22694620283437e-06
121,230.43971252441406,0.00022349075879901648,,,2275177,1.0,0.00045425171265378594,0.000454033724963665,2.1804921743751038e-06,1.0,0.0,,,
,,,0.00022273739731766155,0.00022273739731766155,2275178,,,,,,,,,
122,,,,,2293826,,,,,,,0.0005989204510115087,0.0005984102026559412,5.0850703701144084e-06
122,229.98533630371094,0.0002219775487901643,,,2293826,1.0,0.0004514699103310704,0.000451259664259851,2.0929862785123987e-06,1.0,0.0,,,
,,,0.00022121652707370474,0.00022121652707370474,2293827,,,,,,,,,
123,,,,,2312475,,,,,,,0.0005442672991193831,0.0005438686348497868,3.985698640462942e-06
123,229.45716857910156,0.00022045713558327407,,,2312475,1.0,0.00045301555655896664,0.00045278292964212596,2.307790737177129e-06,1.0,0.0,,,
,,,0.0002196862183279712,0.0002196862183279712,2312476,,,,,,,,,
124,,,,,2331124,,,,,,,0.000575368118006736,0.0005747537943534553,6.1508371800300665e-06
124,230.48973083496094,0.0002189192600781098,,,2331124,1.0,0.00044698049896396697,0.0004467628023121506,2.184198592658504e-06,1.0,0.0,,,
,,,0.00021814667825976862,0.00021814667825976862,2331125,,,,,,,,,
125,,,,,2349773,,,,,,,0.0005839565419591963,0.0005835438496433198,4.132848971494241e-06
125,230.20205688476562,0.00021737486531492323,,,2349773,1.0,0.0004467099206522107,0.00044648704351857305,2.2238016299525043e-06,1.0,0.0,,,
,,,0.00021659811529817796,0.00021659811529817796,2349774,,,,,,,,,
126,,,,,2368422,,,,,,,0.0005367202684283257,0.0005363140371628106,4.053810698678717e-06
126,229.82920837402344,0.00021582002227660269,,,2368422,1.0,0.0004431404231581837,0.0004429129767231643,2.275209226354491e-06,1.0,0.0,,,
,,,0.00021504073909383564,0.00021504073909383564,2368423,,,,,,,,,
127,,,,,2387071,,,,,,,0.0005235205753706396,0.0005230861715972424,4.349494247435359e-06
127,229.98585510253906,0.00021425876184366643,,,2387071,1.0,0.00044001516653224826,0.0004398124001454562,2.0255224626453128e-06,1.0,0.0,,,
,,,0.00021347476049054994,0.00021347476049054994,2387072,,,,,,,,,
128,,,,,2405720,,,,,,,0.0005329807754606009,0.000532562960870564,4.176804850430926e-06
128,230.0412139892578,0.00021268834825605154,,,2405720,1.0,0.00043677250505425036,0.00043656365596689284,2.0866907561867265e-06,1.0,0.0,,,
,,,0.00021190039149675635,0.00021190039149675635,2405721,,,,,,,,,
129,,,,,2424369,,,,,,,0.0005087662721052766,0.0005083939176984131,3.730950538738398e-06
129,229.35621643066406,0.00021110722445882857,,,2424369,1.0,0.0004328143550083041,0.00043261845712549984,1.9599035567807732e-06,1.0,0.0,,,
,,,0.00021031784525681478,0.00021031784525681478,2424370,,,,,,,,,
130,,,,,2443018,,,,,,,0.0005038568051531911,0.0005035140202380717,3.4224037790409056e-06
130,229.91000366210938,0.00020952684280928224,,,2443018,1.0,0.0004320777370594442,0.0004318762512411922,2.011841161220218e-06,1.0,0.0,,,
,,,0.00020872733602215357,0.00020872733602215357,2443019,,,,,,,,,
131,,,,,2461667,,,,,,,0.0006132932030595839,0.0006127137457951903,5.807345587527379e-06
131,230.2533416748047,0.00020792862051166594,,,2461667,1.0,0.0004293200618121773,0.0004291200020816177,2.0013030734844506e-06,1.0,0.0,,,
,,,0.00020712907912226296,0.00020712907912226296,2461668,,,,,,,,,
132,,,,,2480316,,,,,,,0.0005193055840209126,0.0005189146613702178,3.904207915184088e-06
132,230.4859619140625,0.0002063262218143791,,,2480316,1.0,0.00042313558515161276,0.00042295135790482163,1.8534309447204578e-06,1.0,0.0,,,
,,,0.000205523290935543,0.000205523290935543,2480317,,,,,,,,,
133,,,,,2498965,,,,,,,0.0005419132066890597,0.0005415358464233577,3.772814125113655e-06
133,230.48199462890625,0.00020471309835556895,,,2498965,1.0,0.0004236519744154066,0.00042345619294792414,1.9473227439448237e-06,1.0,0.0,,,
,,,0.00020391018886000952,0.00020391018886000952,2498966,,,,,,,,,
134,,,,,2517614,,,,,,,0.0005403126124292612,0.0005398545181378722,4.578402240440482e-06
134,230.4772186279297,0.00020310301624704152,,,2517614,1.0,0.0004218302492517978,0.0004216355155222118,1.964883495020331e-06,1.0,0.0,,,
,,,0.0002022899912838618,0.0002022899912838618,2517615,,,,,,,,,
135,,,,,2536263,,,,,,,0.00049175089225173,0.000491362763568759,3.883765657519689e-06
135,230.42425537109375,0.00020147900795564055,,,2536263,1.0,0.00041937848436646163,0.0004191683838143945,2.10074335882382e-06,1.0,0.0,,,
,,,0.00020066291755591625,0.00020066291755591625,2536264,,,,,,,,,
136,,,,,2554912,,,,,,,0.0005031645414419472,0.0005027562147006392,4.076565801369725e-06
136,229.76414489746094,0.00019984677783213556,,,2554912,1.0,0.00041611463529989123,0.0004159248492214829,1.90270861821773e-06,1.0,0.0,,,
,,,0.00019902918795591023,0.00019902918795591023,2554913,,,,,,,,,
137,,,,,2573561,,,,,,,0.0005150175420567393,0.0005146848852746189,3.3282551612501265e-06
137,230.36505126953125,0.00019820957095362246,,,2573561,1.0,0.0004146633727941662,0.0004144773120060563,1.8616501620272174e-06,1.0,0.0,,,
,,,0.00019738902366467966,0.00019738902366467966,2573562,,,,,,,,,
138,,,,,2592210,,,,,,,0.0006124741630628705,0.0006120992475189269,3.7435668218677165e-06
138,230.3098907470703,0.00019656633958220482,,,2592210,1.0,0.0004104604886379093,0.0004102820821572095,1.7902018498716643e-06,1.0,0.0,,,
,,,0.00019574264673421455,0.00019574264673421455,2592211,,,,,,,,,
139,,,,,2610859,,,,,,,0.0005760068306699395,0.0005754909943789244,5.167561994312564e-06
139,229.43093872070312,0.00019491709826979786,,,2610859,1.0,0.0004092987219337374,0.00040912849362939596,1.7014358490996528e-06,1.0,0.0,,,
,,,0.0001940902800575969,0.0001940902800575969,2610860,,,,,,,,,
140,,,,,2629508,,,,,,,0.0005079497350379825,0.0005075869848951697,3.62439322998398e-06
140,230.44107055664062,0.00019326151232235134,,,2629508,1.0,0.00040610830183140934,0.0004059405473526567,1.6737261603338993e-06,1.0,0.0,,,
,,,0.00019243214733882436,0.00019243214733882436,2629509,,,,,,,,,
141,,,,,2648157,,,,,,,0.0004939355421811342,0.0004935727920383215,3.6244787224859465e-06
141,229.4860382080078,0.00019160055671818554,,,2648157,1.0,0.00040254127816297114,0.0004023769870400429,1.6531257642782293e-06,1.0,0.0,,,
,,,0.00019076847306252452,0.00019076847306252452,2648158,,,,,,,,,
142,,,,,2666806,,,,,,,0.00050927180564031,0.0005088922916911542,3.794421900238376e-06
142,229.53189086914062,0.00018993427511304617,,,2666806,1.0,0.0004001242632512003,0.0003999665495939553,1.5895116121100727e-06,1.0,0.0,,,
,,,0.00018909948246356308,0.00018909948246356308,2666807,,,,,,,,,
143,,,,,2685455,,,,,,,0.0005029964377172291,0.0005026261787861586,3.7030338262411533e-06
143,230.40728759765625,0.00018826274026650935,,,2685455,1.0,0.0003975715662818402,0.0003974003775510937,1.72355328231788e-06,1.0,0.0,,,
,,,0.00018742540149655062,0.00018742540149655062,2685456,,,,,,,,,
144,,,,,2704104,,,,,,,0.0004760516749229282,0.00047570615424774587,3.4578486065584e-06
144,230.31585693359375,0.0001865862577687949,,,2704104,1.0,0.00039474270306527615,0.0003945734060835093,1.6826460296215373e-06,1.0,0.0,,,
,,,0.00018574645680525235,0.00018574645680525235,2704105,,,,,,,,,
145,,,,,2722753,,,,,,,0.0005027329898439348,0.0005023673293180764,3.661840082713752e-06
145,229.8131866455078,0.00018490504589863122,,,2722753,1.0,0.00039271029527299106,0.0003925478376913816,1.6159228835022077e-06,1.0,0.0,,,
,,,0.0001840628756919036,0.0001840628756919036,2722754,,,,,,,,,
146,,,,,2741402,,,,,,,0.0005084183649159968,0.0005080840783193707,3.3388848805770976e-06
146,230.470703125,0.0001832193520385772,,,2741402,1.0,0.00038821526686660945,0.00038805598160251975,1.593823640178016e-06,1.0,0.0,,,
,,,0.00018237488608643723,0.00018237488608643723,2741403,,,,,,,,,
147,,,,,2760051,,,,,,,0.000524558185134083,0.0005241507315076888,4.073493073519785e-06
147,229.7895965576172,0.00018152919074054807,,,2760051,1.0,0.0003874471876770258,0.000387289299396798,1.5760720089019742e-06,1.0,0.0,,,
,,,0.00018068271651562525,0.00018068271651562525,2760052,,,,,,,,,
148,,,,,2778700,,,,,,,0.0005168472998775542,0.0005165219190530479,3.2587972782494035e-06
148,230.4812469482422,0.00017983296129386872,,,2778700,1.0,0.0003862171433866024,0.0003860637079924345,1.5327793789765565e-06,1.0,0.0,,,
,,,0.00017898659607214012,0.00017898659607214012,2778701,,,,,,,,,
149,,,,,2797349,,,,,,,0.0005059306276962161,0.0005055522196926177,3.782970907195704e-06
149,230.47390747070312,0.00017813635349739343,,,2797349,1.0,0.0003819413250312209,0.0003817928663920611,1.4929038343325374e-06,1.0,0.0,,,
,,,0.00017728675438353917,0.00017728675438353917,2797350,,,,,,,,,
150,,,,,2815998,,,,,,,0.0004879979824181646,0.0004876474558841437,3.5058762932749232e-06
150,229.53457641601562,0.00017643856699578464,,,2815998,1.0,0.0003799473342951387,0.0003797930257860571,1.546031512589252e-06,1.0,0.0,,,
,,,0.00017558342158117675,0.00017558342158117675,2815999,,,,,,,,,
151,,,,,2834647,,,,,,,0.00046692840987816453,0.00046656321501359344,3.6472442843660247e-06
151,229.77267456054688,0.00017473073967266828,,,2834647,1.0,0.0003777070087380707,0.00037755799712613225,1.4963497960707173e-06,1.0,0.0,,,
,,,0.00017387682826904824,0.00017387682826904824,2834648,,,,,,,,,
152,,,,,2853296,,,,,,,0.0005152879748493433,0.0005149578209966421,3.3028379675670294e-06
152,230.4290771484375,0.00017302253399975598,,,2853296,1.0,0.00037312161293812096,0.0003729855816345662,1.3560741081164451e-06,1.0,0.0,,,
,,,0.00017216720549256972,0.00017216720549256972,2853297,,,,,,,,,
153,,,,,2871945,,,,,,,0.0004823088238481432,0.00048186638741753995,4.4205157792021055e-06
153,229.90579223632812,0.00017130933701992035,,,2871945,1.0,0.00037098777829669416,0.00037085526855662465,1.3246201433503302e-06,1.0,0.0,,,
,,,0.00017045478470729833,0.00017045478470729833,2871946,,,,,,,,,
154,,,,,2890594,,,,,,,0.00047579119564034045,0.0004754423280246556,3.4855065678129904e-06
154,229.48812866210938,0.00016959568893071264,,,2890594,1.0,0.0003701228997670114,0.00036998296855017543,1.4032243598194327e-06,1.0,0.0,,,
,,,0.00016873979774759669,0.00016873979774759669,2890595,,,,,,,,,
155,,,,,2909243,,,,,,,0.0004681057471316308,0.0004678017576225102,3.035132294826326e-06
155,230.46957397460938,0.00016788461653050035,,,2909243,1.0,0.0003670023288577795,0.0003668615245260298,1.3969654446555069e-06,1.0,0.0,,,
,,,0.00016702247679524653,0.00016702247679524653,2909244,,,,,,,,,
156,,,,,2927892,,,,,,,0.0004640645638573915,0.0004637494566850364,3.150953261865652e-06
156,229.97303771972656,0.00016616375069133937,,,2927892,1.0,0.0003642595838755369,0.00036411918699741364,1.3945342516308301e-06,1.0,0.0,,,
,,,0.00016530305434801475,0.00016530305434801475,2927893,,,,,,,,,
157,,,,,2946541,,,,,,,0.0004807175137102604,0.00048032167251221836,3.959286459576106e-06
157,230.4127655029297,0.00016444074572063982,,,2946541,1.0,0.000362136255716905,0.00036200907197780907,1.2641024795811973e-06,1.0,0.0,,,
,,,0.00016358176318817695,0.00016358176318817695,2946542,,,,,,,,,
158,,,,,2965190,,,,,,,0.0004788906662724912,0.00047841877676546574,4.713572252512677e-06
158,229.3478546142578,0.0001627179008210078,,,2965190,1.0,0.0003588777908589691,0.00035874720197170973,1.3062232255833806e-06,1.0,0.0,,,
,,,0.00016185883635100258,0.00016185883635100258,2965191,,,,,,,,,
159,,,,,2983839,,,,,,,0.0004653611686080694,0.000465001241536811,3.5962550555268535e-06
159,228.94210815429688,0.00016099879576358944,,,2983839,1.0,0.0003554336435627192,0.0003553055867087096,1.2817098422601703e-06,1.0,0.0,,,
,,,0.00016013450709320565,0.00016013450709320565,2983840,,,,,,,,,
160,,,,,3002488,,,,,,,0.0004992993781343102,0.0004989748704247177,3.247957010898972e-06
160,230.26068115234375,0.00015927386994007975,,,3002488,1.0,0.00035459065111353993,0.00035446599940769374,1.2491061625041766e-06,1.0,0.0,,,
,,,0.0001584090088613654,0.0001584090088613654,3002489,,,,,,,,,
161,,,,,3021137,,,,,,,0.0004635215736925602,0.000463193457107991,3.2823352285049623e-06
161,230.0050506591797,0.00015754230844322592,,,3021137,1.0,0.0003507003712002188,0.00035058194771409035,1.1840386378025869e-06,1.0,0.0,,,
,,,0.0001566825752603214,0.0001566825752603214,3021138,,,,,,,,,
162,,,,,3039786,,,,,,,0.00044755026465281844,0.0004472160944715142,3.343971911817789e-06
162,230.44720458984375,0.00015581859042868018,,,3039786,1.0,0.00035065124393440783,0.000350531074218452,1.1996170314887422e-06,1.0,0.0,,,
,,,0.00015495544002154735,0.00015495544002154735,3039787,,,,,,,,,
163,,,,,3058435,,,,,,,0.00047805419308133423,0.00047772651305422187,3.2791942885523895e-06
163,230.48410034179688,0.0001540932571515441,,,3058435,1.0,0.0003478020371403545,0.000347677618265152,1.2526774071375257e-06,1.0,0.0,,,
,,,0.00015322783697150748,0.00015322783697150748,3058436,,,,,,,,,
164,,,,,3077084,,,,,,,0.0004782837931998074,0.000477938971016556,3.4455042623449117e-06
164,230.46780395507812,0.00015236422768794,,,3077084,1.0,0.0003437568375375122,0.00034363981103524566,1.154072378994897e-06,1.0,0.0,,,
,,,0.0001515,0.0001515,3077085,,,,,,,,,
165,,,,,3095733,,,,,,,0.0005311568966135383,0.0005306854145601392,4.709896529675461e-06
165,229.43984985351562,0.00015063586761243641,,,3095733,1.0,0.00034305808367207646,0.0003429281641729176,1.3030453374085482e-06,1.0,0.0,,,
,,,0.00014977216302849256,0.00014977216302849256,3095734,,,,,,,,,
166,,,,,3114382,,,,,,,0.00045175058767199516,0.0004514109459705651,3.3960006931010867e-06
166,230.5072479248047,0.0001489082060288638,,,3114382,1.0,0.00034193010651506484,0.0003418019914533943,1.267300604013144e-06,1.0,0.0,,,
,,,0.00014804455997845264,0.00014804455997845264,3114383,,,,,,,,,
167,,,,,3133031,,,,,,,0.0005357797490432858,0.0005351300351321697,6.494803074019728e-06
167,230.46176147460938,0.00014718047168571502,,,3133031,1.0,0.0003375834203325212,0.0003374752413947135,1.0823742968568695e-06,1.0,0.0,,,
,,,0.00014631742473967862,0.00014631742473967862,3133032,,,,,,,,,
168,,,,,3151680,,,,,,,0.0004648472531698644,0.0004645201552193612,3.262336122134002e-06
168,230.17271423339844,0.00014545544399879873,,,3151680,1.0,0.0003358251415193081,0.00033571108360774815,1.1381321201042738e-06,1.0,0.0,,,
,,,0.0001445909911386346,0.0001445909911386346,3151681,,,,,,,,,
169,,,,,3170329,,,,,,,0.0004603593552019447,0.00046003141324035823,3.2728737551224185e-06
169,230.1927490234375,0.00014372791338246316,,,3170329,1.0,0.0003330927575007081,0.00033297957270406187,1.144823386312055e-06,1.0,0.0,,,
,,,0.00014286549290679434,0.00014286549290679434,3170330,,,,,,,,,
170,,,,,3188978,,,,,,,0.0004630608018487692,0.00046270163147710264,3.587834044083138e-06
170,229.9944610595703,0.00014200303121469915,,,3188978,1.0,0.00033116553095169365,0.00033105959300883114,1.0521926014916971e-06,1.0,0.0,,,
,,,0.00014114116364899738,0.00014114116364899738,3188979,,,,,,,,,
171,,,,,3207627,,,,,,,0.0004459014453459531,0.0004455784219317138,3.2318264402420027e-06
171,230.3300018310547,0.00014027568977326155,,,3207627,1.0,0.0003274948103353381,0.0003273863694630563,1.071511519512569e-06,1.0,0.0,,,
,,,0.00013941823681182304,0.00013941823681182304,3207628,,,,,,,,,
172,,,,,3226276,,,,,,,0.0004467307298909873,0.00044638465624302626,3.452402552284184e-06
172,229.42434692382812,0.0001385606301482767,,,3226276,1.0,0.000326216162648052,0.0003261137171648443,1.0292981187376427e-06,1.0,0.0,,,
,,,0.00013769694565198524,0.00013769694565198524,3226277,,,,,,,,,
173,,,,,3244925,,,,,,,0.0004345955967437476,0.00043425592593848705,3.3980409170908388e-06
173,229.39382934570312,0.0001368378580082208,,,3244925,1.0,0.0003246383275836706,0.00032453000312671065,1.090055775421206e-06,1.0,0.0,,,
,,,0.00013597752320475346,0.00013597752320475346,3244926,,,,,,,,,
174,,,,,3263574,,,,,,,0.00045039053657092154,0.00045007807784713805,3.117562073384761e-06
174,230.34841918945312,0.0001351167302345857,,,3263574,1.0,0.0003199520579073578,0.0003198568301741034,9.548994057695381e-07,1.0,0.0,,,
,,,0.00013426020225240328,0.00013426020225240328,3263575,,,,,,,,,
175,,,,,3282223,,,,,,,0.00044927361886948347,0.00044888921547681093,3.846402250928804e-06
175,229.8735809326172,0.0001333999098278582,,,3282223,1.0,0.00031932583078742027,0.00031922300695441663,1.0216875807600445e-06,1.0,0.0,,,
,,,0.0001325452152927017,0.0001325452152927017,3282224,,,,,,,,,
176,,,,,3300872,,,,,,,0.0004488583072088659,0.0004484863602556288,3.7167883419897407e-06
176,230.4938507080078,0.00013168982695788145,,,3300872,1.0,0.00031868036603555083,0.00031857771682552993,1.0313581242371583e-06,1.0,0.0,,,
,,,0.0001308327945074303,0.0001308327945074303,3300873,,,,,,,,,
177,,,,,3319521,,,,,,,0.0004528009449131787,0.00045246462104842067,3.362254346939153e-06
177,229.42803955078125,0.00012998009333387017,,,3319521,1.0,0.000312828051391989,0.00031273122294805944,9.537449159324751e-07,1.0,0.0,,,
,,,0.00012912317173095176,0.00012912317173095176,3319522,,,,,,,,,
178,,,,,3338170,,,,,,,0.0004652499919757247,0.0004649130569305271,3.3669807635305915e-06
178,229.39183044433594,0.0001282700541196391,,,3338170,1.0,0.00031143808155320585,0.00031135015888139606,8.700797025085194e-07,1.0,0.0,,,
,,,0.00012741657841882324,0.00012741657841882324,3338171,,,,,,,,,
179,,,,,3356819,,,,,,,0.0004449478583410382,0.00044453633017838,4.11234441344277e-06
179,229.9759063720703,0.00012656375474762172,,,3356819,1.0,0.00030897551914677024,0.000308883172692731,9.200849717672099e-07,1.0,0.0,,,
,,,0.00012571324561646085,0.00012571324561646085,3356820,,,,,,,,,
180,,,,,3375468,,,,,,,0.0004658606194425374,0.0004655337834265083,3.2649866170686437e-06
180,230.44761657714844,0.00012486257764976472,,,3375468,1.0,0.00030768458964303136,0.00030759250512346625,9.305386470259691e-07,1.0,0.0,,,
,,,0.0001240134039278599,0.0001240134039278599,3375469,,,,,,,,,
181,,,,,3394117,,,,,,,0.00045769265852868557,0.00045730211422778666,3.904771801899187e-06
181,229.62147521972656,0.00012316490756347775,,,3394117,1.0,0.00030668845283798873,0.00030658961622975767,9.866888603937696e-07,1.0,0.0,,,
,,,0.0001223172834843747,0.0001223172834843747,3394118,,,,,,,,,
182,,,,,3412766,,,,,,,0.0004488781269174069,0.0004485413955990225,3.3651026569714304e-06
182,229.39100646972656,0.00012147096276748925,,,3412766,1.0,0.00030467132455669343,0.00030457551474682987,9.507647291684407e-07,1.0,0.0,,,
,,,0.00012062511391356276,0.00012062511391356276,3412767,,,,,,,,,
183,,,,,3431415,,,,,,,0.0004782523319590837,0.00047757127322256565,6.811403181927744e-06
183,229.3787841796875,0.00011977766553172842,,,3431415,1.0,0.00030084882746450603,0.00030076198163442314,8.630848924440215e-07,1.0,0.0,,,
,,,0.00011893712430809633,0.00011893712430809633,3431416,,,,,,,,,
184,,,,,3450064,,,,,,,0.00044132652692496777,0.0004409924440551549,3.3384458220098168e-06
184,230.2700958251953,0.00011809194984380156,,,3450064,1.0,0.0002997635747306049,0.00029967469163239,8.827555575408041e-07,1.0,0.0,,,
,,,0.00011725354319474763,0.00011725354319474763,3450065,,,,,,,,,
185,,,,,3468713,,,,,,,0.0004668583278544247,0.00046649976866319776,3.593587734940229e-06
185,229.98471069335938,0.00011641364835668355,,,3468713,1.0,0.0002955092932097614,0.0002954283554572612,8.12612825029646e-07,1.0,0.0,,,
,,,0.00011557459850344936,0.00011557459850344936,3468714,,,,,,,,,
186,,,,,3487362,,,,,,,0.0004475291061680764,0.00044720337609760463,3.2583654956397368e-06
186,229.10800170898438,0.00011473806807771325,,,3487362,1.0,0.0002942353894468397,0.0002941479906439781,8.65865388277598e-07,1.0,0.0,,,
,,,0.00011390051753643694,0.00011390051753643694,3487363,,,,,,,,,
187,,,,,3506011,,,,,,,0.0004235533415339887,0.0004232348583173007,3.186743924743496e-06
187,229.7678985595703,0.0001130667733377777,,,3506011,1.0,0.00029277094290591776,0.0002926866873167455,8.465448786409979e-07,1.0,0.0,,,
,,,0.0001122315269374755,0.0001122315269374755,3506012,,,,,,,,,
188,,,,,3524660,,,,,,,0.00043564607040025294,0.0004353596596047282,2.8666495381912682e-06
188,230.50677490234375,0.00011140030983369797,,,3524660,1.0,0.0002890744071919471,0.0002889964380301535,7.795646297381609e-07,1.0,0.0,,,
,,,0.00011056785266117563,0.00011056785266117563,3524661,,,,,,,,,
189,,,,,3543309,,,,,,,0.0004247011092957109,0.0004244114679750055,2.9004809221078176e-06
189,229.18006896972656,0.00010973894677590579,,,3543309,1.0,0.0002878255327232182,0.00028774564270861447,8.002197660061938e-07,1.0,0.0,,,
,,,0.00010890971994240312,0.00010890971994240312,3543310,,,,,,,,,
190,,,,,3561958,,,,,,,0.00047498979256488383,0.0004746556805912405,3.3453750347689493e-06
190,230.369384765625,0.00010808320075739175,,,3561958,1.0,0.0002864169655367732,0.00028633722104132175,7.856370984882233e-07,1.0,0.0,,,
,,,0.0001072573532657854,0.0001072573532657854,3561959,,,,,,,,,
191,,,,,3580607,,,,,,,0.0004194777284283191,0.00041917909402400255,2.9864820589864394e-06
191,229.9715576171875,0.00010643350833561271,,,3580607,1.0,0.00028291920898482203,0.0002828432770911604,7.626961746609595e-07,1.0,0.0,,,
,,,0.0001056109763353203,0.0001056109763353203,3580608,,,,,,,,,
192,,,,,3599256,,,,,,,0.00042301323264837265,0.00042270030826330185,3.1306251457863254e-06
192,229.52149963378906,0.00010479051707079634,,,3599256,1.0,0.00028125912649556994,0.00028118013869971037,7.883485295678838e-07,1.0,0.0,,,
,,,0.00010397081204408971,0.00010397081204408971,3599257,,,,,,,,,
193,,,,,3617905,,,,,,,0.0004523728566709906,0.0004520503571256995,3.219536438336945e-06
193,230.00390625,0.00010315434337826446,,,3617905,1.0,0.00027860040427185595,0.0002785250835586339,7.463050906153512e-07,1.0,0.0,,,
,,,0.00010233708244408374,0.00010233708244408374,3617906,,,,,,,,,
194,,,,,3636554,,,,,,,0.00042927206959575415,0.00042893466888926923,3.374957941559842e-06
194,229.80189514160156,0.00010152302274946123,,,3636554,1.0,0.000278268416877836,0.0002781885559670627,7.951883844725671e-07,1.0,0.0,,,
,,,0.0001007100087161382,0.0001007100087161382,3636555,,,,,,,,,
195,,,,,3655203,,,,,,,0.0004644948639906943,0.00046408019261434674,4.1425546442042105e-06
195,230.0100555419922,9.989854879677296e-05,,,3655203,1.0,0.00027555032283999026,0.0002754830347839743,6.728289463353576e-07,1.0,0.0,,,
,,,9.908981113999049e-05,9.908981113999049e-05,3655204,,,,,,,,,
196,,,,,3673852,,,,,,,0.00042734923772513866,0.0004270038043614477,3.453769750194624e-06
196,230.0888671875,9.828304609982297e-05,,,3673852,1.0,0.0002743688819464296,0.0002742954238783568,7.353016258093703e-07,1.0,0.0,,,
,,,9.747670906445705e-05,9.747670906445705e-05,3673853,,,,,,,,,
197,,,,,3692501,,,,,,,0.0004308476054575294,0.0004305465263314545,3.0110354600765277e-06
197,229.22628784179688,9.667344420449808e-05,,,3692501,1.0,0.0002711218548938632,0.00027105602202937007,6.724177410433185e-07,1.0,0.0,,,
,,,9.587092087773705e-05,9.587092087773705e-05,3692502,,,,,,,,,
198,,,,,3711150,,,,,,,0.00042780034709721804,0.0004274815146345645,3.188389655406354e-06
198,230.0187225341797,9.507100912742317e-05,,,3711150,1.0,0.0002687757078092545,0.0002687124360818416,6.282374442889704e-07,1.0,0.0,,,
,,,9.427266397784644e-05,9.427266397784644e-05,3711151,,,,,,,,,
199,,,,,3729799,,,,,,,0.0004284367023501545,0.00042811332968994975,3.238530325688771e-06
199,230.01434326171875,9.347776358481497e-05,,,3729799,1.0,0.00026825745590031147,0.0002681853366084397,7.228819072224724e-07,1.0,0.0,,,
,,,9.26821547431852e-05,9.26821547431852e-05,3729800,,,,,,,,,
200,,,,,3748448,,,,,,,0.0004345442575868219,0.00043422949966043234,3.153386842313921e-06
200,230.09585571289062,9.189041156787425e-05,,,3748448,1.0,0.00026471290038898587,0.00026465050177648664,6.32775538633723e-07,1.0,0.0,,,
,,,9.109960850324369e-05,9.109960850324369e-05,3748449,,,,,,,,,
201,,,,,3767097,,,,,,,0.00042135431431233883,0.0004210577462799847,2.957482593046734e-06
201,229.5013427734375,9.031102672452107e-05,,,3767097,1.0,0.00026303392951376736,0.0002629741211421788,5.97894086240558e-07,1.0,0.0,,,
,,,8.952523950945004e-05,8.952523950945004e-05,3767098,,,,,,,,,
202,,,,,3785746,,,,,,,0.000425024947617203,0.0004247232573106885,3.018968072865391e-06
202,230.26580810546875,8.874168270267546e-05,,,3785746,1.0,0.0002617333084344864,0.0002616660494823009,6.672988206446462e-07,1.0,0.0,,,
,,,8.795926090616437e-05,8.795926090616437e-05,3785747,,,,,,,,,
203,,,,,3804395,,,,,,,0.0004330618248786777,0.0004327370843384415,3.243605306124664e-06
203,229.10940551757812,8.717998571228236e-05,,,3804395,1.0,0.00025926815578714013,0.0002592070959508419,6.07721744927403e-07,1.0,0.0,,,
,,,8.640188470182198e-05,8.640188470182198e-05,3804396,,,,,,,,,
204,,,,,3823044,,,,,,,0.00041234621312469244,0.00041205695015378296,2.8947047212568577e-06
204,230.14698791503906,8.56264668982476e-05,,,3823044,1.0,0.0002573086821939796,0.0002572500379756093,5.976072543489863e-07,1.0,0.0,,,
,,,8.485332174023136e-05,8.485332174023136e-05,3823045,,,,,,,,,
205,,,,,3841693,,,,,,,0.0004221950366627425,0.00042187271174043417,3.2191794616664993e-06
205,230.57113647460938,8.408194844378158e-05,,,3841693,1.0,0.0002559242711868137,0.00025586513220332563,5.947682097939833e-07,1.0,0.0,,,
,,,8.331378167202873e-05,8.331378167202873e-05,3841694,,,,,,,,,
206,,,,,3860342,,,,,,,0.0004305745824240148,0.0004302705929148942,3.04029754261137e-06
206,229.85946655273438,8.254680142272264e-05,,,3860342,1.0,0.0002537584223318845,0.00025370161165483296,5.627550763165345e-07,1.0,0.0,,,
,,,8.178347292629525e-05,8.178347292629525e-05,3860343,,,,,,,,,
207,,,,,3878991,,,,,,,0.00040346779860556126,0.00040318554965779185,2.8177078092994634e-06
207,229.96702575683594,8.10220226412639e-05,,,3878991,1.0,0.00025189865846186876,0.00025184222613461316,5.662029138875369e-07,1.0,0.0,,,
,,,8.026260268233848e-05,8.026260268233848e-05,3878992,,,,,,,,,
208,,,,,3897640,,,,,,,0.000414966547396034,0.00041464727837592363,3.2028776786319213e-06
208,229.48321533203125,7.950689177960157e-05,,,3897640,1.0,0.00025070671108551323,0.0002506496384739876,5.837959520249569e-07,1.0,0.0,,,
,,,7.875137684164409e-05,7.875137684164409e-05,3897641,,,,,,,,,
209,,,,,3916289,,,,,,,0.00042235819273628294,0.0004220239061396569,3.342808440720546e-06
209,229.36680603027344,7.799972081556916e-05,,,3916289,1.0,0.00024882747675292194,0.0002487644669599831,6.199783797455893e-07,1.0,0.0,,,
,,,7.725000000000003e-05,7.725000000000003e-05,3916290,,,,,,,,,
210,,,,,3934938,,,,,,,0.00041501777013763785,0.00041470551514066756,3.127461241092533e-06
210,229.90292358398438,7.650446059415117e-05,,,3934938,1.0,0.00024736180785112083,0.0002473019703757018,5.89954311180918e-07,1.0,0.0,,,
,,,7.57586754197972e-05,7.57586754197972e-05,3934939,,,,,,,,,
211,,,,,3953587,,,,,,,0.00042261535418219864,0.00042228109668940306,3.34631408804853e-06
211,229.60986328125,7.501684012822807e-05,,,3953587,1.0,0.0002449249441269785,0.00024486909387633204,5.47006891338242e-07,1.0,0.0,,,
,,,7.427760500251152e-05,7.427760500251152e-05,3953588,,,,,,,,,
212,,,,,3972236,,,,,,,0.00041154204518534243,0.00041122286347672343,3.1884567306406097e-06
212,230.02073669433594,7.354172703344375e-05,,,3972236,1.0,0.00024359380768146366,0.0002435397036606446,5.468976382871915e-07,1.0,0.0,,,
,,,7.280698926136908e-05,7.280698926136908e-05,3972237,,,,,,,,,
213,,,,,3990885,,,,,,,0.0004151582543272525,0.00041483459062874317,3.2420039133285172e-06
213,230.54014587402344,7.207667658803985e-05,,,3990885,1.0,0.0002414805203443393,0.0002414294140180573,5.194426080379344e-07,1.0,0.0,,,
,,,7.134702729420038e-05,7.134702729420038e-05,3990886,,,,,,,,,
214,,,,,4009534,,,,,,,0.0004199234244879335,0.00041960165253840387,3.2130240015249e-06
214,230.50784301757812,7.062200893415138e-05,,,4009534,1.0,0.00023924851848278195,0.00023919966770336032,4.937609219268779e-07,1.0,0.0,,,
